architecture,mode,population,n_iterations,crossover,mutation,3_mean_n_cnots,3_median_n_cnots,3_mean_time,3_median_time,5_mean_n_cnots,5_median_n_cnots,5_mean_time,5_median_time,10_mean_n_cnots,10_median_n_cnots,10_mean_time,10_median_time,20_mean_n_cnots,20_median_n_cnots,20_mean_time,20_median_time,30_mean_n_cnots,30_median_n_cnots,30_mean_time,30_median_time
9q-square,genetic_steiner,30.0,15.0,0.8,0.2,3.0,3.0,0.435124409198761,0.43514084815979004,5.2,5.0,0.5451401710510254,0.55153489112854,11.6,12.0,0.719776737689972,0.7181611061096191,25.85,26.0,1.0358323574066162,1.0352587699890137,35.55,36.0,1.391501212120056,1.2527605295181274
9q-square,quilc,-1.0,-1.0,-1.0,-1.0,3.8,3.0,0.3586090445518494,0.2626032829284668,10.5,11.0,0.606099808216095,0.6021043062210083,18.8,18.0,0.9438948512077332,0.9395447969436646,44.25,44.5,2.4332993268966674,2.199470281600952,67.5,66.5,3.425324821472168,3.2807804346084595
9q-square,steiner,-1.0,-1.0,-1.0,-1.0,11.7,10.5,0.009625089168548585,0.009655475616455078,20.3,20.0,0.019524359703063966,0.016290664672851562,33.2,31.0,0.020872974395751955,0.017954707145690918,49.2,50.0,0.02746415138244629,0.021603822708129883,54.15,56.0,0.025811243057250976,0.02231073379516602
