architecture,mode,population,n_iterations,crossover,mutation,4_mean_n_cnots,4_median_n_cnots,4_mean_time,4_median_time,8_mean_n_cnots,8_median_n_cnots,8_mean_time,8_median_time,16_mean_n_cnots,16_median_n_cnots,16_mean_time,16_median_time,32_mean_n_cnots,32_median_n_cnots,32_mean_time,32_median_time,64_mean_n_cnots,64_median_n_cnots,64_mean_time,64_median_time,128_mean_n_cnots,128_median_n_cnots,128_mean_time,128_median_time,256_mean_n_cnots,256_median_n_cnots,256_mean_time,256_median_time
ibm_q20_tokyo,genetic_steiner,100.0,100.0,0.8,0.2,4.0,4.0,34.071420061588285,32.292964220047,7.6,8.0,24.306425952911376,23.51216948032379,20.5,21.0,35.82077658176422,35.06097936630249,61.85,62.5,63.55929088592529,61.4443678855896,162.5,162.5,133.77921199798584,132.81740307807922,237.65,240.0,68.06434711217881,69.99041903018951,243.35,244.5,73.76130154132844,74.4103878736496
ibm_q20_tokyo,quilc,-1.0,-1.0,-1.0,-1.0,5.5,4.0,0.4901316165924072,0.4017345905303955,17.3,17.5,1.1511878371238708,1.062838077545166,43.833333333333336,43.0,2.3489602936638727,2.4641029834747314,93.57894736842105,95.0,4.624644103803132,4.505488634109497,215.9,213.0,10.630547893047332,10.386277914047243,432.65,440.5,20.08765149116516,19.722817301750183,860.7368421052631,863.0,41.20211115636324,41.07346320152283
ibm_q20_tokyo,steiner,-1.0,-1.0,-1.0,-1.0,23.55,21.5,0.028250682353973388,0.021855831146240234,48.45,47.0,0.0316422700881958,0.029104113578796387,99.3,95.5,0.029316747188568117,0.02795124053955078,181.7,178.0,0.038113737106323244,0.036196231842041016,252.95,255.0,0.050051867961883545,0.0442805290222168,287.35,290.0,0.013269054889678954,0.013176679611206055,297.6,297.5,0.012842977046966552,0.012832045555114746
